Title,Duration,Views,Channel,Link,Transcript,Summary
Top 10 Places to Visit in Amsterdam 2024 | Netherlands Travel Guide,12:01,283906,TRIP XTREME,https://www.youtube.com/watch?v=3izVLop9iKg,Amsterdam the capital of the Netherlands is one of the most popular tourist destinations in Europe with its universities academies and research institutes along with more than 40 museums numerous theaters and entertainment venues Amsterdam is also the country's leading Cultural Center in this video we're going to be taking a look at the top 10 rated attractions and things to do in Amsterdam and just wait till you see the top three that we're going to be showing in this video something you would never even have thought of so make sure you watch till the end before we begin make sure to subscribe to our YouTube channel for more awesome travel guides and make sure you hit the notification Bell so that you know when we publish a new video so now let's cut to the chase at number 10 visit one of the world's oldest botanical gardens Amsterdam offers a surprising dose of nature in the very Heart of the City hortus botanicus Amsterdam the city's Botanical Garden is one of the world's oldest and should definitely be included in your sightseeing itinerary founded in 1638 this much visited attraction began Life as a humble herb garden for doctors and apathy careers today it features rare plants and trees exotic flowers and a large hot house encompassing different tropical zones highlights of a visit include exploring the lovely old Pavilion a hexagonal structure that dates back to the late 17th century plus the 1870s or injury the Palm House is also notable in particular for its architectural style plant enthusiasts are also in for a treat as the gardens are home to a wide variety of rare plant and tree species worth mentioning are examples of the Persian Ironwood tree plus numerous tropical species in the historic hot house for those wanting to linger longer there's an on-site Cafe foreign Rembrandt House Museum Rembrandt along with his wife saskia spent the happiest years of his life in the house on the yoden bristrat now home to the Rembrandt House Museum it was here in the Jewish quarter that he found models for his biblical themes and where he painted the sights from his many outings along the canals Rembrandt lived here for 20 years and the house has been furnished in the 17th century Style with numerous etchings and personal objects English language guided tours are available just a two-minute walk away is zudikirk South Church where three of Rembrandt's children are buried as well as one of his pupils constructed between 1603 and 1611 it was the first Protestant church to be built in Amsterdam after the reformation and was designed by architect Henrik de Kaiser who is also buried here after extensive restoration it is now a center for local cultural activities and events another Rembrandt related destination in the city is Rembrandt Square home to numerous cafes and restaurants along with a statue of the famous painter uh at eight West Church located next door to the Anne Frank Museum Amsterdam's West Church is one of the most popular churches to visit in the city it's certainly one of the most picturesque completed in 1630 this attractive Renaissance church is unusual due to its many internal and external Gothic features its 85 meter Tower popularly known as langayan is the highest in the city on the tip of its Spire is a large replica of The Emperor's Crown placed there in memory of Emperor Maximilian of Austria inside the tower a carillion proclaims the hours other highlights include a fine organ dating from 1622 along with an interesting marble column placed here in 1906 in memory of Rembrandt the great artist was originally buried outside the church but was later reinterred inside a gift shop is located on site no that's in the church not the actual grave at seven tour the Royal Palace of Amsterdam formerly the town hall the Royal Palace of Amsterdam serves as the king's residence when he's in the city its construction was a Monumental task when started in 1648 and required the sinking of 13 659 piles to support the mammoth structure based upon the architecture of ancient Rome the exterior is strictly classical while the interior is magnificently furnished its Apartments decorated with a wealth of reliefs ornamentation marble sculptures and freezes check out the spectacular ceiling paintings by Ferdinand Bal and Govert Flink pupils of Rembrandt are the highlights include one of the finest furniture collections in the world and the City Treasurer's room with its marble fireplace and ceiling paintings by cornerless Holstein you'll also see the Hall of the older men also containing paintings by ball and Flink the largest and most important room is the council Hall sumptuously decorated and one of the most beautiful state rooms in Europe English language guided tours are available and useful audio guides are included with admission foreign people watch a damn Square damn square is one of the most tourist packed areas of Amsterdam and for good reason its most prominent feature is the 17th century Royal Palace former home of the Dutch royal family and present-day venue for Royal functions Dam Square is also home to top tourist attractions such as the new church Madame Tussaud's Wax Museum and the national memorial statue which is dedicated to Dutch soldiers who lost their lives in World War II this huge Public Square is naturally lined with numerous cafes restaurants and shops and is usually full of vendors selling food and souvenirs tourists will also find a ferris wheel perfect for getting a different perspective as well as plenty of entertainment ranging from street performers and buskers to first-rate music festivals [Music] and now at five family fun and flowers at vondel Park the largest and most visited Park in Amsterdam vondel Park occupies 120 acres and contains no end of fun things to do in addition to expanses of Green Space dotted by peaceful ponds and traversed by ample paths the park is home to a lovely rose garden featuring more than 70 different types of the flower it also has a variety of sculptures and statues playgrounds and other recreational facilities including rollerblade rental and the vondel park open air Theater which serves as a venue for musical and Stage Productions from May through September if you haven't packed a picnic don't worry the park is also full of cafes where you can enjoy a snack or a full meal next up at 4 explore the Jordan neighborhood Jordan is the most popular of Amsterdam's neighborhoods and is well known for its mix of residential areas with Garden Courtyards Lively markets and upscale boutiques and eateries the area is also home to plenty of fun things to do from taking a pleasant stroll along the many picturesque streets to spending time visiting the many top-rated tourist attractions located here although best known as the location of Anne Frank house the area is also home to lesser-known Treasures like the wound boots Museum a floating Museum dedicated to houseboats and the interesting yes honestly Amsterdam cheese Museum tasty on Saturday mornings lindengrach turns into a huge open-air Market where you can find local crafts produce flowers and goodies perfect for filling a picnic basket Monday mornings it is westerstrat that fills with 200 vendors stalls this time selling a wide range of goods in a flea market style Bazaar Jordan's restaurants and cafes have become the trendy place to sit and people watch while enjoying traditional Dutch folk music as one does at three experience great art at the Van Gogh Museum a must visit for art fans and historians the spectacular Van Gogh Museum has been one of Amsterdam's top attractions since it opened in 1972 dedicated to the often troubled life and extraordinary Artistry of one of the country's most revered painters This Modern Garrett redveld design structure is home to the world's largest collection of Van Gogh paintings and artifacts much of it donated by his brother Theo and other family members boasting an impressive 200 paintings 500 etchings and drawings as well as 700 letters written to and by friends and family The Collection is split into key periods of the artist's life his realistic Works including the famous The Potato Eaters and his impressionist period from 1887 to 1890 which saw the creation of perhaps his best known work vars with sunflowers a highlight of a visit is the amazing meet Vincent van Gogh experience a fascinating multimedia press presentation of the painter's Life and Times through Vivid digital reproductions of his work also of Interest still works by Van Gogh's contemporaries including such leading artists as Paul goggin and Henry de toulouse-lotrek if time allows be sure to check the availability of the Museum's educational workshops in such disciplines as painting and photography a cafe shop and Library are also located on site foreign visit Anne Frank house on The Prince and grass stands and Frank house dedicated to the All Too Short Life of one of the world's best known Holocaust victims this is the actual home in which Anne's family hid for much of World War II the Franks were Jewish refugees from the German city of Frankfurt and it was here that Anne wrote The Diary that became an international bestseller after the war it was published just a few years after her death at age 15 just two months before the war ended much of the home has been kept as it was during Anne's time and it serves as a poignant Monument to a tragic period in history a word of caution tickets do sell out up to two months or more in advance so be sure to plan ahead and purchase your tickets ahead of time online and finally at number one see the art collections at the Rick's Museum one of Amsterdam's most popular attractions and certainly its most important art repository the Rick's Museum was founded in 1798 to house the country's huge collection of rare art and Antiquities the Museum's impressive collection includes a million cultural artifacts dating from the 13th century to the modern day among the more than 8 000 important paintings spread across 250 rooms of this sprawling building in addition to its paintings the Rick's Museum boasts A well-stocked library of more than 35 000 books and manuscripts as well as numerous fascinating displays dealing with the development of art and culture in the Netherlands of special note are its collections of traditional handicrafts medieval sculpture and modern art styles a variety of themed English language guided tours are available for a special experience try the fun art history Canal cruise taking in many of the sites represented in the Rick's Museum's collections or book a table at the Museum's michelin-style restaurant English language guided tours are available to avoid lineups nearly 2.5 million people visit each year book your tickets in advance online and there you have the top 10 rated attractions and things to do in Amsterdam did you like what you saw let us know in the comments down below share this video with your friends and don't forget to subscribe to our channel for more fantastic travel guides so see you next time [Music] thank you [Music] foreign,Amsterdam the capital of the Netherlands is one of the most popular tourist destinations in Europe with its universities academies and research institutes along with more than 40 museums numerous theaters and entertainment venues Amsterdam is also the country's leading Cultural Center. In this video we're going to be taking a look at the top 10 rated attractions and things to do in Amsterdam and just wait till you see the top three. Amsterdam is home to the world's largest collection of Van Gogh paintings and artifacts. The Rick's Museum is one of the country's most important art and cultural artifacts dating from the 13th century. The Anne Frank house is dedicated to the All Too Short Life of one of world's best known Holocaust victims. Rick's Museum is one of the most popular tourist attractions in the Dutch capital. English language guided tours are available to avoid lineups at the museum.
"BEST THINGS TO DO IN AMSTERDAM FOR FIRST TIMERS W/ MAP (2024) | 20+ Must-Dos, Hidden Gems & More!",19:39,203105,Happy to Wander,https://www.youtube.com/watch?v=cqYvuRXwaVA,"The incredible city of Amsterdam is one of thoseÂ 
places that has a little something for everyone,Â Â  whether your idea of fun is getting drunk onÂ 
a boat with bottomless cheese cubes or dartingÂ Â  from museum to museum until your sanity begsÂ 
for mercy! And if you need help deciding whatÂ Â  to do, this video will cover the best things to doÂ 
in Amsterdam alongside which overhyped activitiesÂ Â  to skip because there's definitely quite aÂ 
few tourist traps to avoid. Be sure to stickÂ Â  around until the end for a free map of all theseÂ 
activities and extra resources to help you planÂ Â  your dream Amsterdam itinerary. In case you're newÂ 
here, hi, I'm Christina from HappyToWander.com andÂ Â  this channel is all about practical travel tipsÂ 
from someone who's been there, done that, so beÂ Â  sure to like and subscribe for more travel videosÂ 
just like this one. And just a final money-savingÂ Â  tip before we begin, if you plan to do a lot ofÂ 
paid attractions during your time in AmsterdamÂ Â  it may be worthwhile to get an iAmsterdam card,Â 
which includes most major attractions for one setÂ Â  price but as usual be sure to crunch the numbersÂ 
and see if it's worth it for you. Now, let's moveÂ Â  on to the list. Number one: a canal cruise. IfÂ 
you're looking for the best most AmsterdammyÂ Â  thing to do during your visit, my friend, it's timeÂ 
to hurl yourself on a boat. Is it painfully cliched?Â Â  Sure, but if there's only one touristy thing youÂ 
treat yourself to in Amsterdam a canal cruise isÂ Â  non-negotiable. Honestly, this is the best wayÂ 
to admire the city and get a quick overviewÂ Â  of its famous picturesque canals, plus for bonus funÂ 
points you could book really indulgent ones likeÂ Â  a bottom wine and cheese cruise, which I can vouchÂ 
for having done it myself recently. My tip? Go atÂ Â  sunset, it is absolutely dreamy. Number two: theÂ 
Red Light District. Of course, I couldn't make aÂ Â  list of the most unique things to do in AmsterdamÂ 
without including the Red Light District, so I'mÂ Â  going to just get it out of the way. The Red LightÂ 
District is an infamous and oft-misunderstood partÂ Â  of Amsterdam, known the world over for legalÂ 
prostitution, sex workers in windows, eroticÂ Â  performances, erotic shops and even a whole museumÂ 
about the history of prostitution. To be honest, IÂ Â  don't think this area is a particularly excitingÂ 
place to visit unless you're really into touristÂ Â  crowds, vape shops, dodging public urination andÂ 
the everpresent scent of Mary Jane or you know,Â Â  actual prostitution, in which case go wild! ButÂ 
hey, the Red Light District is truly one of thoseÂ Â  things that most visitors feel like they need toÂ 
check off their list, so of course, go indulge yourÂ Â  curiosity but don't get your hopes up, I doubtÂ 
a visit here will be the highlight of your trip.Â Â  And of course, remember to remain respectful andÂ 
not take any photos where you're not supposed to.Â Â  Now for something a little more my speed, let'sÂ 
move on to number three which is to gorge on Â Â  stroopwafels. If there's one treat you need to try inÂ 
Amsterdam, make sure it's this one. Stroopwafels are a very thin cookie-like treat that are madeÂ 
by sandwiching two thin waffle wafers togetherÂ Â  with a caramelly filling in the middle. TheyÂ 
originated in Gouda and are absolutely delicious,Â Â  especially if eaten while warm. As a purist, I mustÂ 
implore you to try a plain one rather than one ofÂ Â  the more aesthetic ones coated in chocolate andÂ 
other toppings. A truly excellent stroopwafelÂ Â  will shine just fine on its own and they don'tÂ 
need to be fancy or expensive either. I personallyÂ Â  have a soft spot for the big multi-packs you buyÂ 
from the supermarket but don't let the foodiesÂ Â  know I told you that. Moving on to number four,Â 
which is to stuff your face with all manner ofÂ Â  fried snacks. Amsterdam is known as a city of viceÂ 
and indulgence and if your indulgences come in theÂ Â  form of mysterious things deep-fried to oblivion,Â 
I have great news! Dutch food is a true wonder,Â Â  from chocolate sprinkles on toast for breakfastÂ 
to tiny bite-sized pancakes doused in sugar, thereÂ Â  is no caloric limit to what these magically tallÂ 
people consume. Some of the best treats though areÂ Â  the fried ones and honestly, if you're looking forÂ 
fun things to do in Amsterdam I'd like to suggestÂ Â  a grand tour of the Netherlands' most prized snacks,Â 
including fries, usually served in a creamy sauce; bitterballen, which are small round deep-friedÂ 
balls of a kind of beef stew that's been coatedÂ Â  in breadcrumbs; croquettes, which are mainly aÂ 
bigger version of bitterballen but shaped likeÂ Â  a sausage and then deep fried; frikandel, which isÂ 
sort of like a Dutch hot dog although they don'tÂ Â  look super appetizing, I can vouch that they'reÂ 
very delicious; and kaassoufflÃ©e, think of a crumbed andÂ Â  deep-fried croquet only flat and it's filled withÂ 
gooey cheese. Now let's move on to some of the moreÂ Â  cultural things to do in Amsterdam, starting withÂ 
number five: getting your culture on at the RijksmuseumÂ Â  AKA the National Museum of the Netherlands.Â 
The Rijksmuseum is to Amsterdam as the Louvre is toÂ Â  Paris, it's an astounding collection of 8,000 plusÂ 
pieces representing centuries of Dutch art andÂ Â  history, all housed in a grand building that willÂ 
give you neck pains from all the inevitable oohingÂ Â  and aahing. But, and I say this with love, do notÂ 
force yourself to go to the Rijksmuseum ifÂ Â  you are not particularly interested in art andÂ 
history, it's expensive, busy and quite a timeÂ Â  commitment given the museum's massive size. IfÂ 
you only have a short time in Amsterdam, I mightÂ Â  recommend stopping by to admire the building'sÂ 
exterior then focusing on some of the otherÂ Â  activities in this video. If you do decide to goÂ 
though, here's my tip: visit just before closing toÂ Â  avoid the crowds and don't miss the hidden library.
By the way, one of my favorite Amsterdam fun factsÂ Â  is that there's actually a branch of the RijksmuseumÂ 
at the Amsterdam Schiphol Airport, the firstÂ Â  museum to be opened in an airport, period, which isÂ 
pretty special. And if you're more into modern artÂ Â  then the nearby Stedelijk Museum may be more your speed.Â 
It's dedicated to modern art and design with lotsÂ Â  of bold and interesting installations. Located aÂ 
nerdy skip away from the Rijksmuseum is another oneÂ Â  of Amsterdam's most famous cultural must-dos: theÂ 
Van Gogh Museum or, if you're pronouncing it theÂ Â  proper Dutch way, the ""Van Gogh"" Museum. This is oneÂ 
spot I'd recommend to anyone who is familiar withÂ Â  Van Gogh and is a fan of his work. After all, thisÂ 
is the world's largest collection of his worksÂ Â  with hundreds of paintings, drawings and letters onÂ 
display for your nosy perusal. While here, not onlyÂ Â  do you get to treat your eyeballs to some of theÂ 
most famous and well-known paintings in history,Â Â  they're all contextualized beautifully withÂ 
tidbits about Van Gogh's life story. If you're easilyÂ Â  moved like me or perhaps just hormonal, also likeÂ 
me, then this Amsterdam must-do may make you a bitÂ Â  emotional, so bring tissues. Onwards to number sevenÂ 
which is to stop by the world's largest streetÂ Â  art museum. Straat is one of the coolest museums inÂ 
Amsterdam hands down, located across the river andÂ Â  about a 10-minute free ferry ride from AmsterdamÂ 
Central Station, in the NDSM-Werf neighborhood. OnceÂ Â  you get there, look for the giant mural of Anne FrankÂ 
and then head inside what was once a shipbuildingÂ Â  warehouse to see a massive museum dedicated toÂ 
street art. This huge space is filled with equallyÂ Â  large canvases, along with some quirky installationÂ 
art and sculptures, including a truck hanging fromÂ Â  the ceiling with murals on each side of it. TheÂ 
pieces on display here are truly breathtakingÂ Â  and there are more than 160 artworks by over 150Â 
artists from all around the world. There's even aÂ Â  cool interactive art piece in one of the sideÂ 
rooms and the cafe looking out over everythingÂ Â  is also a great spot for some refreshment. OnwardsÂ 
to number eight which is a big one and that is toÂ Â  visit a quirky museum. Listen, if I were toÂ 
continue listing every single Amsterdam museumÂ Â  as a must-do, we would be here for weeks and I'mÂ 
sure you want to get back to your loved onesÂ Â  in a timely manner, so let's just summarize some ofÂ 
the funnier weirder ones I think you might like. InÂ Â  Amsterdam you'll find a truly eclectic selectionÂ 
of museums which is why sometimes buying an Â  iAmsterdam card can be really great because youÂ 
can see some of the smaller ones and feel likeÂ Â  it's a better deal because it's all included. ForÂ 
instance, in the past I visited the Pipe Museum butÂ Â  in addition to that, there's also the Upside DownÂ 
Museum, the Katten Kabinet Museum, which is dedicatedÂ Â  to art depicting cats and also Our House, which isÂ 
an immersive museum experience dedicated to danceÂ Â  music, with exhibitions on the history of danceÂ 
music along with installations, immersive showsÂ Â  and DJ-curated exhibits. Of course, besides visitingÂ 
museums one of the top must-dos in Amsterdam is toÂ Â  simply photograph your heart out. Amsterdam isÂ 
one of the most aesthetically pleasing citiesÂ Â  in Europe with narrow crooked houses squishedÂ 
against each other lining picturesque canals asÂ Â  an endless stream of bikes glide over bridges likeÂ 
some kind of utopian postcard. Honestly, one of theÂ Â  best things to do in Amsterdam is just stare atÂ 
everything and drool. I'd be happy spending daysÂ Â  doing just that but if you're wondering whereÂ 
exactly to drool here are some can't miss photoÂ Â  spots: first, Damrak. Just outside of AmsterdamÂ 
Centraal Station is an avenue known as Damrak,Â Â  here is where you can get a shot of the famousÂ 
dancing houses in Amsterdam that you've no doubtÂ Â  seen many times before, a set of crooked canalÂ 
houses just behind some water where lots of canalÂ Â  tours depart. Close by you'll find Dam Square, whichÂ 
is Amsterdam's most famous square. Be sure to visitÂ Â  the inside of the Royal Palace if you can butÂ 
otherwise beware of pigeons here, they are awful.Â Â  Another beautiful photo spot is the neighborhoodÂ 
known as Jordaan, to the west of the city center.Â Â  This area is known as one of Amsterdam's prettiestÂ 
neighborhoods, where you'll find many cute cafes,Â Â  restaurants, boutique shops, hotels and homes liningÂ 
canals. Finally, there's the Skinny Bridge. AmsterdamÂ Â  is known for its many bridges crossing all itsÂ 
canals but the Skinny Bridge might be the mostÂ Â  famous. This picturesque wooden bridge was featuredÂ 
in the 1971 James Bond film Diamonds Are ForeverÂ Â  and at night it's lit up by tons of little lightÂ 
bulbs, making it very cute and romantic. Now, let'sÂ Â  move on to number 10. Of course, it wouldn't beÂ 
a list of unique Amsterdam experiences withoutÂ Â  mentioning the famous Anne Frank House, by far oneÂ 
of the most solemn but important places that theÂ Â  city contains. Anne Frank was a German-born JewishÂ 
girl who was living in Amsterdam when the NazisÂ Â  invaded and subsequently spent 2 years hidingÂ 
with her family in tiny concealed rooms at theÂ Â  place where her father had worked. She kept a diaryÂ 
during this period which was published after herÂ Â  death by her father and it is now one of the mostÂ 
well-known books in the world. And when you're inÂ Â  Amsterdam, if this piece of history interestsÂ 
you, you can actually visit the building andÂ Â  rooms where Anne spent those years of her life inÂ 
hiding. This was, by far, one of the most memorable stopsÂ Â  on my first visit to Amsterdam and now, almost aÂ 
decade later, I can still remember the way it feltÂ Â  to walk within those same four walls where AnneÂ 
penned her famous diary over 70 years ago. ThisÂ Â  is definitely a tough but important place to visit.Â 
Moving on to number 11, another must-do in AmsterdamÂ Â  is a bumble through De Negen Straatjes, the Nine Streets. I'm sureÂ I butchered that name in Dutch but let's just goÂ Â  with it! This area is located within the Jordaan,Â 
right in the middle of the UNESCO World HeritageÂ Â  Site section of canals. Many of the businesses hereÂ 
are located in original canal houses making itÂ Â  infinitely charming to explore, plus some of theÂ 
city's quirkier museums can be found here as well,Â Â  so be sure to allocate some time to exploringÂ 
this neighborhood, it's absolutely stunning. NowÂ Â  the next thing to do in Amsterdam, is to enjoyÂ 
an amazing view. There's no shortage of placesÂ Â  for a view in the city, which is why one of myÂ 
favorite things to do in Amsterdam is simply huntÂ Â  for the best one. Some that I can highly recommendÂ 
including the rooftop terrace at the NEMO ScienceÂ Â  Museum, the rooftop view from the OBA library or, ifÂ 
you're looking for paid views, there's also the A'DAMÂ Â  Lookout or the DoubleTree by Hilton Sky Lounge,Â 
which is a gorgeous rooftop bar that's perfectÂ Â  for enjoying a cocktail and some bar snacks whileÂ 
watching the sunset. Now another fun thing to do inÂ Â  Amsterdam is visiting the world's only floatingÂ 
flower market. On Amsterdam Singel canal is aÂ Â  stretch of flower stalls that are all located onÂ 
floating platforms on the the water. This flowerÂ Â  market is the only floating market of its kind andÂ 
a great spot to buy some fresh tulips, tulip bulbsÂ Â  or other tulip-themed souvenirs. I'll be honest, thisÂ 
is a very touristy spot and for the most part, youÂ Â  don't even realize you're standing on a floatingÂ 
market at all. Nonetheless, it's a nice spot toÂ Â  quickly browse especially if you're aggressivelyÂ 
into tulips. Now on to number 14, which is a hiddenÂ Â  gem of Amsterdam and that's to find some peace atÂ 
the Begijnhof. Hofs or hofjes, which means courtyards, areÂ Â  basically little gardens surrounded by homes andÂ 
the Beghijnhof is one of the most beautiful in AmsterdamÂ Â  and the most famous. Constructed in the Middle AgesÂ 
it's actually located below modern street level,Â Â  so you go through a little archway and down intoÂ 
a garden that's hidden from the surrounding busyÂ Â  streets. There are two churches located withinÂ 
this inner garden/courtyard area and it's aÂ Â  beautiful place to escape the crowds for a littleÂ 
moment. Now onwards to number 15, which is to snoopÂ Â  around a canal house. The ultraslim canal houses ofÂ 
Amsterdam are one of the city's signature elementsÂ Â  but do you know what's better than gawking atÂ 
them from afar? Getting to step inside one. OfÂ Â  course, there's a few ways to do that includingÂ 
staying in a canal house hotel, visiting a museumÂ Â  inside a canal house or booking a restaurant orÂ 
bar housed inside one. Regardless of how you doÂ Â  it, make sure you take some time to explore oneÂ 
of these canal houses because there is nothingÂ Â  more quintessentially Amsterdam. And speakingÂ 
of quintessentially Amsterdam, number 16 is toÂ Â  snoop around a houseboat. Another distinctive thingÂ 
that makes Amsterdam Amsterdam is its multitude ofÂ Â  houseboats. Again, there are a few ways to checkÂ 
out the inside of one, starting with staying inÂ Â  a houseboat yourself or visiting the HouseboatÂ 
Museum. This is basically just a houseboat thatÂ Â  you can go into to have a look around and whileÂ 
it's not too expensive, it's also very small, soÂ Â  I wouldn't necessarily recommend it unless you'reÂ 
very very nosy. Now if you're looking to get a bitÂ Â  more off the beaten path in Amsterdam, I canÂ 
highly recommend exploring the city's JewishÂ Â  Quarter. Today, there are a number of historicallyÂ 
important preserved buildings here to explore. TheÂ Â  Jewish Cultural Quarter is an organization thatÂ 
manages all the places that you can visit hereÂ Â  and is dedicated to preserving Jewish culture inÂ 
Amsterdam. One ticket will gain you access to theÂ Â  Portuguese Synagogue, the Jewish Historical MuseumÂ 
and a few other attractions in the area. This isÂ Â  definitely a very unique and interesting area toÂ 
explore, so be sure to put it on your list. AnotherÂ Â  cool neighborhood to explore in Amsterdam is De
Pjip. This is a cool neighborhood in the old southÂ Â  of the city which used to be a working-class areaÂ 
but is now a multicultural and bohemian zone brimmingÂ Â  with cafes, restaurants, coffee shops and bars.Â 
It's also home to the famous Albert Cuyp Markt,Â Â  the largest daily market in Europe, which takesÂ 
place Monday to Saturday from 9:30 until 5:00,Â Â  and also an excellent spot to try some freshÂ 
local treats like stroopwafels, as well asÂ Â  affordable groceries, clothing and more. In theÂ 
complete opposite direction is another greatÂ Â  neighborhood worth checking out: Amsterdam Noord,Â 
which is directly across the river from AmsterdamÂ Â  Centraal Station. Luckily, you can reach it in aboutÂ 
3 minutes through a free ferry and from there youÂ Â  can explore a bunch of attractions including theÂ 
A'DAMToren (the Amsterdam Tower), the Eye Film Museum andÂ Â  This Is Holland. At the Amsterdam Tower, you'll findÂ 
a really cool viewing platform, a thrilling swingÂ Â  ride, as well as a swanky revolving restaurant,Â 
cool cocktail bar, hotel, underground nightclub,Â Â  and a fun burger joint. This Is Holland is a reallyÂ 
fun 5D flight simulator experience where you getÂ Â  to virtually visit plenty of gorgeous placesÂ 
in the Netherlands through one single ticket.Â Â  The Eye Film Museum is also interesting if you'reÂ 
interested in the history of film. A bit furtherÂ Â  up the river through a different ferry is theÂ 
NDSM-Werf neighborhood. This is where the street artÂ Â  museum I mentioned earlier is located but thereÂ 
are a number of artsy attractions and hip placesÂ Â  here to check out as well, so if you're looking forÂ 
something a bit more offbeat to do in Amsterdam beÂ Â  sure to pay this neighborhood a visit, especiallyÂ 
when there's cool events taking place from danceÂ Â  music festivals to the largest flea market inÂ 
Europe. And if you're looking for a very uniqueÂ Â  and interesting place to visit in Amsterdam beÂ 
sure to visit this museum whose pronunciationÂ Â  I have butchered too many times to attempt again!Â 
This museum is home to a fascinating secret church,Â Â  one of many clandestine churches that popped upÂ 
in the 17th century when Catholics weren't ableÂ Â  to worship in public anymore. Built into theÂ 
top floors of a canal house, the secret atticÂ Â  church is one of the most interesting secretsÂ 
of Amsterdam, although these days the secret'sÂ Â  pretty much out and there are a lot of visitorsÂ 
but this audio guide tour takes you through theÂ Â  many floors, offering fascinating insight on theÂ 
history of the house and what life was like backÂ Â  in the day. Really, this is one of the few museumsÂ 
where I listened to every number on the audio guide,Â Â  it's that good and I highly recommend it. The nextÂ 
Amsterdam must-do is to get cozy in a brown cafe.Â  Brown cafes are informal neighborhood spots thatÂ 
serve beer and usually simple traditional meals,Â Â  they're known as brown cafes because of theirÂ 
typically brown interiors, with lots of dark brownÂ Â  wood and dim lighting. I love visiting brown barsÂ 
in the Netherlands because they're very homey, veryÂ Â  cozy and relaxed and a great place to chill afterÂ 
a very long day of sightseeing. Another AmsterdamÂ Â  activity to add to your list is visiting theÂ 
city's largest park. Amsterdam has no shortage ofÂ Â  lovely green spaces but Vondelpark is the largestÂ 
and most popular. This park was opened in 1865 andÂ Â  covers 120 acres of space, not far from the Museumplein.Â 
It's built with biking and walking paths, asÂ Â  well as wide open spaces for picnics. In summerÂ 
it can get very busy here but any time of yearÂ Â  is nice to explore the different sections and it'sÂ 
especially good for dog spotting. Another must-doÂ Â  that I feel like most guides don't tell you aboutÂ 
is enjoying Amsterdam's Secret Garden Days. Granted,Â Â  this is a very limited-time event but I happened toÂ 
be in Amsterdam one year for this and I have toÂ Â  include it because it's so cool. If you happen toÂ 
be visiting in the summer there is a 3-day periodÂ Â  in Amsterdam known as the Open Garden Garden Days,Â 
where many of the city's secret gardens are madeÂ Â  accessible to the public. That's right, more thanÂ 
30 different canal houses open up their gardensÂ Â  for 3 days each June, usually the third weekendÂ 
of the month and if you purchase a ticket thatÂ Â  gives you free rein to visit all these differentÂ 
houses. Honestly, if you've ever wondered what theÂ Â  canal houses look like on the inside or whatÂ 
their gardens look like, this is a super coolÂ Â  event to attend. Lastly, it has to be said, forÂ 
better or for worse Amsterdam is a city thatÂ Â  has tons of made-for-tourist activities that mostÂ 
locals would sneer at as they smugly glide pastÂ Â  on their bikes but hey, my philosophy with travelÂ 
is that so long as you're enjoying it, it's not aÂ Â  tourist trap, so with that in mind if you're stillÂ 
looking for fun things to do in Amsterdam hereÂ Â  are some final touristy Amsterdam activities youÂ 
might find interesting. For instance, you can hopÂ Â  on a beer bike tour, you can indulge in the HeinekenÂ 
Experience and tour the original Heineken Brewery,Â Â  or if you're traveling with kids and looking forÂ 
something to do on a rainy day, there's also theÂ Â  touristy classics like Madame Tussauds, Ripley's BelieveÂ 
It or Not, and the Amsterdam Dungeon. That said, IÂ Â  wouldn't necessarily recommend these activitiesÂ 
because there are way better things to be doingÂ Â  but if it appeals to you, now you know. Oh, and aÂ 
final note, unless you're a very competent cyclistÂ Â  I wouldn't do a bike tour here. Amsterdam cyclistsÂ 
are ruthless and have no patience for lostÂ Â  tourists. Now all that said, I recognize that thisÂ 
video is barely scraping the surface. AmsterdamÂ Â  is an amazing city with more to do than I couldÂ 
ever cover in one video and tons of amazing dayÂ Â  trips too but let me know in the comments whatÂ 
activities you would add and be sure to like andÂ Â  subscribe for more practical travel videos justÂ 
like this one. I'll see you guys next week, bye!","If there's one thing you need to try in Amsterdam, make sure it's stroopwafels. The Red Light District is an infamous and oft-misunderstood part of Amsterdam. If you're looking for the best most Amsterdammy thing to do during your visit, it's time to hurl yourself on a boat. The Rijksmuseum is to Amsterdam as the Louvre is to Paris, it's an astounding collection of 8,000 plus pieces. Straat is one of the coolest museums in Amsterdam hands down, located across the river and about a 10-minute free ferry ride from Amsterdam Central Station. One of the best things to do in Amsterdam is just stare at everything and drool. Just outside of Amsterdam Centraal Station is an avenue known as Damrak where you can get a shot of the famous dancing houses. The Skinny Bridge was featured in the 1971 James Bond film Diamonds Are Forever and at night it's lit up by tons of little light bulbs. Amsterdam's canal houses are one of the city's signature elements. The Jewish Cultural Quarter is dedicated to preserving Jewish culture in Amsterdam. De Pjip is a multicultural and bohemian zone brimming with cafes, restaurants, coffee shops and bars. Vondelpark is the city's largest and most popular park. More than 30 different canal houses open up their gardens for 3 days each June."
10 Amazing Places to Visit in the Netherlands 4K  ğŸ‡³ğŸ‡±  | Netherlands Travel Guide,11:48,1019309,Lifestyle Hal,https://www.youtube.com/watch?v=4i5KYDePHDU,[Music] [Laughter] [Music] welcome back folks to a brand new video whenever you think of the netherlands you think of amsterdam but there is so much more to this small country than its capital city think of rows of windmills fields of tulips and cities bursting with the three seeds culture charm and but cheese it's your first time visiting i've narrowed it down to just a few so here are 10 beautiful places to visit in the netherlands now before you even watch this video don't forget to hit that like button obviously for the youtube algorithm number one heathorn they call it the venice of the north or the dutch venice and indeed it completely deserves its nickname imagine an idyllic small village with no streets but canals instead beautiful houses mostly farms with batch houses lots of green and flowers hanging above the crooked bridges [Music] fortunately over the years peter has been discovered by all of us tourists and is suffering from over tourism but nonetheless this place is simply too good for you not to come and visit best thing about it is there's lots of independent shops and places where you can get some food [Music] you will be able to hire boats that sail across the canal with prices up to 30 euros or less especially for those canoes [Music] number two delft delft is a charming city located between rotterdam and the hague it's world famous for its blue and white pottery and for being the hometown of vermeer the painter who gave birth to the girl with a pearl earring delf's real charm however lies in the relaxed atmosphere which together with its gloriously preserved medieval old center and idyllic canals and its canals makes for an unforgettable day trip now from the hague to delft you can take the tram which is four euros each way and takes around 25 minutes but also 15 minutes to rotter down so it's a perfect place to be located on your trip to the netherlands number three kinderdike i'm probably saying that wrong but that doesn't matter because there are many things that make the netherlands the unique place that it is but nothing complements it better than the traditional dutch landscape then its picturesque windmills [Music] the country is full of them but the unesco protected 19 windmills are no doubt one of the most famous sites in the netherlands the monumental mills were built in the early 18th century to prevent flooding and keep the soil dry and the mill network has been a unesco world heritage site since 1997 so you should try to add this location on your list traveling to the netherlands as you get a real sense of dutch culture and history [Music] number four cheshire this is one of the favorites in the netherlands if you are in search of a quiet place for your trip with sunsets green waters and vast sand beaches you'll find it all on this small west island not to forget the little quaint villages the pastoral landscapes and the great local food and a part of the island is protected as one of the 20 national parks in the netherlands so when travelling to tesco just leave your car on the mainland as you won't need it on this island it's roughly two and a half hours away from amsterdam number five harlem often dubbed little amsterdam harlem has all the appeal of the capital city with none of the crowds and it's only 30 minutes away from amsterdam harlem with its many historical buildings and its beautiful old squares lies near the beach on the banks of the spana river [Music] it's wonderful to stroll through the narrow streets lined with the monumental buildings and wandering around visit the extraordinary museums such as the france pals which could be mine or to tyler's museum and explore its countless cafes and restaurants if you want to get away from amsterdam this is the place [Music] number six ortano part living fortress our open air museum the tiny fortified village of ortana in the best of older region is one of the most unique places in the netherlands built in 1593 during the dutch revolt against spain star-shaped forts near the border with germany is an outstanding example of 16th century military architecture with cobbled medieval lanes and quaint brick houses and of course restored military barracks some of the places are people's homes so it might be confusing as well as public access but it's worth looking into before making your trip number seven utrex now i spent a long time here as one of the four times i went to the netherlands and it's actually one of my favorites the canals of uterex have two stories where centuries old dwarf sellers now serve as spots to enjoy food and drinks at water level something unique to enjoy the city you can also enjoy the towering churches and the cozy cafes or cycle around the city center it's one of the most bike-friendly cities in the world it's also the perfect place for history buffs with sites like the dom tower and the central museum offering glimpses into the country's past [Music] you're also very close to the famous castle and that's a bonus the names just keep getting easier number eight cauda besides lending its name to one of the most enduringly popular cheeses in the world gauda ranks among the oldest cities in the netherlands and still features many charming historical buildings such as the 16th century town hall but besides visiting just for the cheese market grauda basically lies in the center of four largest cities in the netherlands namely amsterdam rotterdam the hague and utrecht there are countless museums a working mid-will plenty of opportunity to rent bikes to those four big cities if you base your stay right here and that's plenty of things to do just in one location number nine bolan dong if you're planning a day trip from amsterdam then this could be a great option for you this picturesque fishing village is very popular for good reason it's filled with colorful wooden houses and bobbing fishing boats and seafood stalls dishing up fish and chips smoked eel and pickled herring piled higher with onions now who wouldn't want to go to a place like that you had me at fish and chips volandom is a real fisherman's village it's quaint but can be very overrun by tourists but its neighbor adam is a bit quieter markham is also a fisherman's town and another option other than bolando but it's also kind of crowded bus loads of tourists but i say take a chance number 10 zanza schons zanza schantz which kind of signs french is all about windmills visit this small museum village and step back in time the area is a representation of how life was in the 18th and 19th centuries you can visit the windmills and learn how they work and what they were used for there are also a handcraft workshops where you can see how clogs were made or sails for the ships although the area is very pretty it tends to be again quite touristy but there's a reason for that because it is so interesting but it's okay if you've never been before because it shouldn't stop you from visiting so add that to your list [Music] [Music] well there you have it folks a taste of my fluent expert dutch language 10 beautiful places to visit in the netherlands if you've never been there before now you have reasons why you should visit of course there are plenty more that were not mentioned but there will be another video coming soon hope you enjoyed it and i will see you all in the next one and i hope to god there will be easier words to pronounce as always be good be kind be careful peace [Music],There is so much more to this small country than its capital city think of rows of windmills fields of tulips and cities bursting with culture. i've narrowed it down to just a few so here are 10 beautiful places to visit in the netherlands.  grauda lies in the center of four largest cities in the netherlands namely amsterdam rotterdam the hague and utrecht there are countless museums a working mid-will plenty of opportunity to rent bikes to those four big cities if you base your stay right here. volandom is a real fisherman's village it's quaint but can be very overrun by tourists. zanza schons is a small museum village and step back in time the area is a representation of how life was in the 18th and 19th centuries.
How to Spend 3 Days in AMSTERDAM Netherlands | Travel Itinerary,20:47,106982,Exotic Vacation,https://www.youtube.com/watch?v=wfMDqITQrKI,[Music] are you prepared to discover the enchanting canals vibrant art scenes and Rich history of Amsterdam before you start packing let us guide you through how to spend 3 days in [Music] Amsterdam stick around as we unveil exclusive local insights that will elevate your visit from a simple trip to an extraordinary Journey we're here to share the hidden gems and Insider tips that you won't find in any travel guide make sure to like this video And subscribe to our channel for more exciting travel Adventures across the world best time to visit Amsterdam Amsterdam's charm shines brightest from April to May and September to November when the weather is pleasantly mild and the city is less crowded spring ushers in the blooming of tulips making it a picturesque season for explorers while Autumn offers a kaleidoscope of colors the summer months the warm bringing crowds and higher prices making the shoulder Seasons ideal for those seeking a blend of good weather and manageable tourist numbers getting around Amsterdam navigating Amsterdam is a breeze with its comprehensive and efficient public transportation Network opt for an OV chip cart a contactless card that covers trams buses and metros making City exploration seamless and costeffective for an authentic Amsterdam experience rent a bicycle for around 12 USD per day the city's flat terrain and extensive bike Lanes offer a perfect condition for cycling alternatively the Amsterdam City card provides unlimited public transport free entry to many museums and discounts on attractions and restaurants starting at 65 USD for a 24-hour pass where to stay in amster dam for those seeking the quintessential Amsterdam experience the Jordan and theed neighborhood offer a mix of charming narrow streets bustling markets and quaint cafes with accommodation options ranging from cozy guest houses to boutique hotels expect to spend around 150 to 250 USD per night for a mid-range Hotel those looking for luxury can head to the canal ring for elegant hotels with prices starting at 300 USD per night am Dam air for chaal tips as one of Europe's busiest airports chaal is well equipped to welcome Travelers plan to arrive with ample time before your flight to navigate its extensive facilities the airport offers direct train services to Amsterdam Central Station taking about 15 to 20 minutes and costing around 5 USD providing a Swift and economical route to the city center day one explore Amsterdam morning Dam Square and Royal Palace of amst am Dam kicking off your Amsterdam Journey at Dam Square is an unparalleled Choice regardless of the time Dam Square buzzes with Vitality serving as the heart of numerous Premier City attractions Central to the square the National Monument stands as a solemn tribute to those who perished during World War II while the Majestic Royal Palace of Amsterdam is an unmissable site contrary to what its name might imply the palace is primarily used official events like award ceremonies and state visits as the royal family resides in a grand estate in the ha on the days when the palace is not in use for Royal functions it opens its doors to the public with 3 days at your disposal in Amsterdam venturing inside is highly advised the interior of the palace is nothing short of spectacular boasting rooms adorned with opulence trust me my chw literally dropped throughout our visit allocate about 1 to 1 and 1/2 hours for a thorough exploration of the palace I recommend grabbing a complimentary audio guide to truly delve into its extensive and fascinating history Madame tads or Amsterdam dungeon wherever your travels take you stopping by Madame tads is invariably a delightful experience conveniently located within Dam Square the Amsterdam branch of this renowned wax museum is just steps away offering encounters with wax figures of celebrities like Harry sty Jennifer Aniston and Beyonce for those craving a dose of adrenaline the Amsterdam Museum a mere 4-minute stroll from the square presents an enticing alternative this attraction plunges you into the darker side of Dutch history weaving a narrative filled with Frights and unexpected twists photography may be off limits inside so you'll have to take my word for it if you're a fan of live performances and Hands-On experiences the Amsterdam dungeon is bound to be a hit Insider tip enjoy a 25% discount on admission to both attractions with the Amsterdam City card midm morning beov after exploring the astonishing lifelike wax figures or experiencing the Thrills of jump scares take the very short walk to the peaceful bahov this quiet Haven features a collection of historic homes encased around a lush Courtyard marking it as Amsterdam's most celebrated hofa hofus were traditionally homes for single religious women with many still residing there today be sure to Glimpse Amsterdam's oldest house at number 34 during your visit but remember to keep noise to a minimum and show respect for peaceful surroundings blowman marked once you're eager to dive back into the vibrant energy of Amsterdam make your way to the blowman mark the only floating flower market in the world upon entering you'll be instantly captivated the market bursts with hundreds of vibrant flowers bulbs for an array of plants and an assortment of unique souvenirs that fill the blowman mark while you might catch a glimpse of the Netherlands cherished tulips here any time of the year a visit between March and may offers the most spectacular view of these flowers in their Prime blooming radiantly in spring for those wishing to bring tulip bulbs back home there's a selection of prepackaged bulbs prepared for international travel ensure they're officially certified for export even without the intention to purchase wandering through the market is a visual Delight worth experiencing vanon vandan stoop waffles following a morning filled with exploring it's the perfect moment for a quick bite and what better treat to indulge in than the iconic strip waffles a mere 260 M or16 Mi away from The blowman Mark Von vonderen stri waffles o8s renowned as the goto place in the city for these delectable caramel filed waffle cookies be prepared to see a a Queue at any time but once you bite into a strip waffle adorned with chocolate marshmallow or Lotus biscuit you'll agree it's worth the wait we became such fans of these delicious treats that we found ourselves returning nearly every day my top suggestion opt for a medium or Mega siiz stoop waffle with marshmallow topping it was my ultimate favorite and utterly scrumptious afternoon Dum Rock Canal houses after enjoying your stoop waffles take a leisurely walk by the water and take in the SES of the numerous Canal houses that have become emblematic of Amsterdam within a 20-minute walk you'll encounter the drrock canal houses among the most iconic and historic residences in the city dubbed the dancing houses these vibrant buildings are so named for their quaintly leaning structures giving the impression that they're supporting one another this spot ranks as one of my top photography locations in Amsterdam it's nearly impossible to capture a bad picture here so ensure your camera is at the ready evening Canal cruise taking a Canal cruise through Amsterdam's numerous enchanting waterways is an experience you simply can't miss during your 3-day stay enjoy the city from a unique perspective aboard a cruise Boo as you pass under quaint Bridges navigate through tight tunnels and partake in some enjoyable people watching there's a wide selection of boat tours available catering to all preferences from budget friendly J to romantic evening cruises and Lively party cruises among those options I highly recommend choosing one that offers a cheese and wine package to truly make the most of your experience red light district your Canal cruise might end a short walk from the notorious red light district where you'll wrap up your day dealin known for its erotic museums sex worker displays adult stores and vibrant bars is safer than it may seem heavily monitored by local law enforcement remember photographing the workers is strictly forbidden for a more informed exploration consider a guided red light district tour available in English or German starting at 8:00 p.m. daily this tour offers insights into the area's history prostitution and coffee shops day two discovering Amsterdam's art and culture morning reeks Museum exploring Amsterdam's Rich array of museums is a must do and the reeks Museum tops the list as the starting point for your Museum tour as the most visited Museum in the capital it's a pivotal destination for art enthusiasts home to masterpieces like REM Bran's the night watch vermier the milkmaid and Van Go's self-portrait the reeks Museum houses an extensive collection from the Dutch Golden Age you could find yourself lost in its halls for hours purchasing tickets online in advance is advisable especially during the busy summer months though tickets can also be bought at the door Insider tip entry is complimentary with the I Amsterdam City card van go Museum just a short 5minute stroll from the reeks Museum you'll find the van go Museum a treasure Trove of the celebrated Dutch artists most valued works this Museum boasts the world's largest collection of Van go paintings including iconic pieces like staring KN and sunflowers alongside hundreds of his favorite works and those of artists he admired in addition to the main collection the museum often features temporary exhibitions worth exploring Insider tip securing tickets to the van go Museum can be challenging due to the high demand often selling out weeks in advance it's advisable to check for tickets at least 2 weeks before your visit and book early to avoid disappointment midm morning Vandal Park less than a 15-minute walk from the van go Museum you'll discover vond Park often referred to as Amsterdam's backyard and one of the city's most relaxing spots stroll through its winding paths past water fountains expansive Lawns and peaceful ponds or embrace the local lifestyle with a ride on a classic or electric bike scattered throughout Vandal Park are several Charming cafes perfect for a coffee break or a quick snack additionally the park features a large playground making it an ideal spot for those visiting with children and Frank house an essential yet heart trending addition to your Amsterdam itinerary is a visit to the Anne Frank house the Museum located at the very place where Anne Frank penned her diary during 2 years of hiding from the Holocaust your visit will unveil the secret bookcase that concealed their entrance to the hidden Annex along with original household items and a wealth of photographs and videos obtaining tickets to the anrank house requires planning as they often sell out far into in advance tickets for the next 6 weeks are released online every Tuesday so it's wise to monitor their website closely inside the museum photography and videography are not permitted allowing you to check your camera and belongings at the cloak room Insider tip for a deeper dive into Anne Frank's life and a broader understanding of world war III's impact on the Jewish quarter consider joining the life of Anne Frank and World War II walking tour afternoon Amsterdam chief Museum following the profound visit to the Anne Frank house a visit to the nearby Amsterdam cheese Museum presents a welcome change of pace the Netherlands is renowned for its exceptional cheeses like yam guda and mustam the Amsterdam cheese Museum offers a glimpse into the production processes upon entering you'll be greeted with a generous array of free samples ranging from truffle goat cheese to chili cheeses while a quaint and complimentary Museum awaits your exploration downstairs if you're looking to take a piece of the experience home the museum Shop sells a variety of cheeses that are vacuum packed for convenient travel evening Jordan and nine streets next on your agenda is a visit to the Chic and Scenic Jordan neighborhood merely a 10-minute stroll from the Amsterdam cheese Museum it ranks among the top places to stay in Amsterdam and is my personal favorite for leisurely walks originally a workingclass quarter Jordan has transformed into one of the city's most coveted locals featuring trendy boutiques fashionable cafes and a vibrant nightlife the district is home to the captivating nine streets a series of beautiful Lanes adorned with luxury boutiques and some of Amsterdam's finest hotels recognized as a UNESCO world heritage site for their historical charm and Beauty for those who adore quaint cafes don't miss my top pick Le Petit Deli This Charming spot offers a nod to French Elegance with its decor and serves up some of the most delightful pastries and cakes you'll find food Holland Amsterdam boasts an impressive array of dining options yet food Holland stands out as a culinary Paradise right in the city's core a 20-minute walk from Jordan Will wet your appetite for what awaits you at Food Holland a sensory Delight with fenders offering an array of mouthwatering dishes from succulent tacos and crispy Vietnamese Bon me to fiery noodles and savory Burgers there's something to satisfy every craving for newcomers a visit to De Balin bar is a must don't miss out on the local specialty bitter Ballin which are scrumptious deep fried meatballs encased in a crispy breadcrumb shell they're absolutely a treat day three Amsterdam's hidden gems morning Hof toine park begin the final day of your Amsterdam Adventure by discovering the Lesser known Treasures nestled within the old Jewish quarter and plantage neighborhood kick things off at hne Park a quaint and tranquil Garden adjacent to the Hermitage Museum it's a short walk from the water loop Line Metro station though you might also be within walking distance depending on your accommodation in Amsterdam this secluded spot is ideal for a quiet morning walk or a picnic amidst the Lush Greenery and vibrant flowers additionally it hosts one of my top breakfast spots in the city dignita huin this inviting Cafe serves up a selection of tasty and nutritious breakfast dishes complete with the charm of outdoor seating in the Park Amsterdam Museum or Hart Museum following your breakfast or a leisurely walk in the park you faced with a choice between two captivating museums for your next visit the Amsterdam Museum or the Hermitage Museum now known as har Museum the Amsterdam Museum provides a comprehensive look into the Netherlands Rich history covering both triumphant and challenging periods through a series of engaging exhibitions each dedicated to a different era the museum employs displays video art and artifacts to narrate Amsterdam's compelling history an experience enhanced by the included audio guide the museum itself is historically significant originally serving as a nuner run orphanage in the 1500s before the Reformation alter alternatively the har Museum formerly The Hermitage Amsterdam showcases a diverse array of art from three international Partners the British Museum Center pompo and Smithsonian American Art Museum following recent events it has severed its association with the Hermitage Museum in St Petersburg Russia and to rebranded as heart in September 2023 introducing a fresh concept midm morning horis botanicus Amsterdam the horis botanicus as the name suggests is Amsterdam's botanical garden and stands as one of the oldest botanical gardens in the world located merely a brief 5minute jaunt from Hof toen park or a 10-minute stroll from the skinny bridge this Garden is a lush tropical Haven sediments the bustling streets of central Amsterdam featuring an impressive Butterfly House filled with Myriad colorful species an array of vibrant flowers and a rainforest room the Hest botanicus is a captivating Escape for everyone not just those with a keen interest in botany Insider tip access is complimentary with the I Amsterdam City card afternoon rembrand House Museum just a short distance of approximately 650 M or4 miles will bring you to the rembrand house Museum it's not hard to guess the famous individual this museum is dedicated to this historic townhouse was the residence of rembrand Von rine for nearly two decades in the mid 17th century visit visiting his former house offers a glimpse into the life of the artist where he created some of his most prized Works providing a different perspective from what you'd find at the reeks Museum along with insights into his personal life while many of R Brandt's paintings are housed in galleries worldwide this Museum showcases a significant collection of his etchings Additionally you may have the chance to witness an art demonstration during your visit evening Albert cup Market a 30-minute walk or a 20-minute Metro Journey from the rembrand House Museum will take you to the Albert cup Market this Market is a treasure Trove where you can find practically anything clothing jewelry flowers fresh produce souvenirs and much much more even if you're not looking to purchase anything wandering through the 260 stalls and witnessing the bustle of Europe's largest market is an experience in itself for an authentic Dutch Adventure make sure to stop by the Albert cup Market between 9:00 a.m. and 5:00 p.m. any day except Sunday hinin experience just a 7-minute stroll from the market you'll find the hinin experience an essential visit for beer lovers even though I'm not particularly fond of beer I found the tour highly enjoyable the standard ticket offers a 1 and 1 half hour interactive self-guided Journey Through the original hinin Brewery you'll discover the Brewing process learn about heineken's rise to Global Fame and enjoy tasting two glasses of this iconic beer for those eager to dive deeper the VIP experience is a perfect choice this 2 and 1 half hour guided tour not only explores the brewery but also includes access to a secret bar and a tasting session featuring five different beers dinner after your visit to the Heineken experience head to the nearby dep peep neighborhood for a delightful dinner at bizaar Amsterdam this vibrant restaurant offers a fusion of North African and Middle Eastern cuisine in a color and bustling setting I recommend trying their flavorful lamb schwarma which costs approximately 20 USD or their vegetarian couscous for about 18 USD it's a great place to savor exotic flavors and enjoy a lively atmosphere as our incredible exploration of Amsterdam draws to an end we trust your brimming with anticipation to embark on this Unforgettable Journey before you bid farewell ensure you tapped that like button and become a part of our travel Community by hitting subscribe feel free to drop us a comment below sharing your highlights from this itinerary or any queries you may have about Amsterdam wishing you safe travels and we'll catch you on our next adventure TOS the ends fellow adventurers,Amsterdam's charm shines brightest from April to May and September to November when the weather is pleasantly mild and the city is less crowded. Spring ushers in the blooming of tulips making it a picturesque season for explorers. Autumn offers a kaleidoscope of colors the warm bringing crowds and higher prices making the shoulder Seasons ideal. The reeks Museum is the starting point for your Museum tour as the most visited Museum in the capital it's a pivotal destination for art enthusiasts home to masterpieces like REM Bran's the night watch vermier the milkmaid and Van Go's self-portrait. The van go Museum boasts the world's largest collection of Van go paintings including iconic pieces like staring KN and sunflowers alongside hundreds of his favorite works and those of artists he admired. A Canal cruise through Amsterdam's numerous enchanting waterways is an experience you simply can't miss during your 3-day stay. Amsterdam is renowned for its exceptional cheeses like yam guda and mustam the Amsterdam cheese Museum offers a glimpse into the production processes. Jordan has transformed into one of the city's most coveted locals featuring trendy boutiques fashionable cafes and a vibrant nightlife the district is home to the captivating nine streets a series of beautiful Lanes adorned with luxury boutiques. The rembrand House Museum offers a glimpse into the life of the artist where he created some of his most prized Works. The Albert cup Market is a treasure Trove where you can find practically anything clothing jewelry flowers fresh produce souvenirs and much much more. The standard ticket offers a 1 and 1 half hour interactive self-guided Journey Through the original hinin Brewery.
